"DateTime","Commits"
"2025-01-12",202
"2025-01-19",190
"2025-01-26",169
"2025-02-02",160
"2025-02-09",182
"2025-02-16",195
"2025-02-23",183
"2025-03-02",197
"2025-03-09",224
"2025-03-16",183
"2025-03-23",121
"2025-03-30",196
"2025-04-06",203
"2025-04-13",157
"2025-04-20",119
"2025-04-27",140
"2025-05-04",122
"2025-05-11",147
"2025-05-18",170
"2025-05-25",131
"2025-06-01",164
"2025-06-08",169
"2025-06-15",177
"2025-06-22",254
"2025-06-29",209
"2025-07-06",183
"2025-07-13",282
"2025-07-20",258
"2025-07-27",183
"2025-08-03",179
"2025-08-10",235
"2025-08-17",176
"2025-08-24",187
"2025-08-31",199
"2025-09-07",213
"2025-09-14",197
"2025-09-21",221
"2025-09-28",160
"2025-10-05",189
"2025-10-12",187
"2025-10-19",204
"2025-10-26",208
"2025-11-02",184
"2025-11-09",151
"2025-11-16",150
"2025-11-23",77
"2025-11-30",180
"2025-12-07",192
"2025-12-14",200
"2025-12-21",5
"2025-12-28",2
"2026-01-04",190